{
  "equipped_prob": [
    0,
    0,
    0,
    1,
    0,
    0,
    0,
    0
  ],
  "name": [
    "Detached",
    "Improveddetached",
    "Semi-detached",
    "Improvedsemi-detached",
    "Terraced",
    "Improvedterrace",
    "Cementblockappartment",
    "Smallbrick-builthouse"
  ],
  "out_build_transfer_coef": [
    437.514557432946,
    128.707768634182,
    247.598545563978,
    216.365760825381,
    197.271972208334,
    144.729282385271,
    504.246032480619,
    351.489932687962
  ],
  "build_int_transfer_coef": [
    370.638553933676,
    272.232068850149,
    298.909059214319,
    301.571530530593,
    239.871302585021,
    205.2181765546,
    504.246032480619,
    351.489932687962
  ],
  "ext_capacitance": [
    22638446.3889302,
    24646439.5911177,
    12876155.3843281,
    15647706.9148071,
    11863842.6060689,
    13021834.2591086,
    31683711.0,
    15462038.9719271
  ],
  "int_capacitance": [
    1024813.83952572,
    917297.170672342,
    409007.990211524,
    530743.762112263,
    467169.879709039,
    492503.846701277,
    1267348.44,
    618481.558877084
  ],
  "irradiance_multiplier": [
    4.16002382044038,
    4.4941882532924,
    4.26995602105389,
    5.4558682137324,
    2.67504867802906,
    2.90551780890776,
    1.5,
    1.5
  ],
  "floor_area": [
    136,
    136,
    87,
    87,
    58,
    58,
    71,
    30
  ],
  "height": [
    4.2,
    4.2,
    4.2,
    4.2,
    4.2,
    4.2,
    2.4,
    2.2
  ],
  "ventilation_transfer_coef": [
    73.6447452458528,
    74.4298766184265,
    46.6839723300635,
    10.4694892031851,
    10.396222386109,
    10.3905316092903,
    10.3848408324716,
    10.3791500556529
  ],
  "emitters_target_temperature": [
    50,
    50,
    50,
    50,
    50,
    50,
    50,
    50
  ],
  "emitters_transfer_coef": [
    201.152965329865,
    118.668366293739,
    133.544776176979,
    100.062978120267,
    87.0057626256732,
    69.8598995895823,
    288.758642780059,
    204.736528039597
  ],
  "emitters_capacitance": [
    354833.830841882,
    209330.998142156,
    235572.985176191,
    176511.093404152,
    153478.165271688,
    123232.862876023,
    339580.16390935,
    240770.156974566
  ],
  "number": 8
}