{
  "equipped_prob": [
    0.5,
    0.0,
    0.0,
    0.0,
    0.0,
    0.5
  ],
  "name": [
    "Boiler(regular)",
    "Boiler(combi)",
    "Boiler(system)",
    "NoHeatingorCooling",
    "ElectricWaterHeater",
    "Heatpump"
  ],
  "is_combi": [
    0,
    1,
    0,
    0,
    1,
    1
  ],
  "fuel_type": [
    "Mainsgas",
    "Mainsgas",
    "Mainsgas",
    "Electricity",
    "Electricity",
    "Electricity"
  ],
  "fuel_flow_rate": [
    2.61,
    2.61,
    1.64,
    0.0,
    2.0,
    1.5
  ],
  "flow_rate_to_W": [
    29000.0,
    29000.0,
    18222.2222222222,
    0.0,
    2000.0,
    1500.0
  ],
  "heat_output_sh": [
    21750.0,
    21750.0,
    13666.6666666667,
    0.0,
    2000.0,
    3600.0
  ],
  "standby_power": [
    10,
    10,
    10,
    0,
    0,
    0
  ],
  "pump_power": [
    20,
    20,
    20,
    0,
    20,
    20
  ],
  "cyl_volume": [
    125,
    5,
    125,
    5,
    50,
    50
  ],
  "cyl_loss": [
    1.5,
    0.5,
    1.5,
    0.5,
    0.5,
    0.5
  ],
  "heat_output_dhw": [
    21750.0,
    21750.0,
    13666.6666666667,
    0.0,
    2000.0,
    5925.0
  ],
  "number": 6
}