{
  "home_temperatures_cdf": [
    0.01,
    0.03,
    0.04,
    0.07,
    0.11000000000000001,
    0.19,
    0.35,
    0.49,
    0.65,
    0.81,
    0.9,
    0.9500000000000001,
    0.9800000000000001,
    0.9900000000000001,
    1.0
  ],
  "home_temperatures_values": [
    13.0,
    14.0,
    15.0,
    16.0,
    17.0,
    18.0,
    19.0,
    20.0,
    21.0,
    22.0,
    23.0,
    24.0,
    25.0,
    26.0,
    27.0
  ],
  "water_temperatures_cdf": [
    0.04,
    0.08,
    0.19,
    0.27,
    0.4,
    0.49,
    0.63,
    0.74,
    0.82,
    0.9199999999999999,
    0.96,
    1.0
  ],
  "water_temperatures_values": [
    42.0,
    43.0,
    45.0,
    47.0,
    49.0,
    51.0,
    53.0,
    55.0,
    57.0,
    59.0,
    61.0,
    62.0
  ],
  "emitter_setpoints": 50.0,
  "deadband": {
    "space_heating": 1,
    "hot_water": 5,
    "emitter": 5
  }
}