{"bulbs_consumption": [3.0, 5.0, 6.0, 8.0, 9.0, 10.0, 12.0, 14.0, 17.0, 19.0, 20.0, 21.0, 26.0, 27.0, 28.0, 29.0, 30.0, 34.0, 35.0, 36.0, 39.0, 40.0, 43.0, 45.0, 46.0, 48.0, 50.0, 52.0, 55.0, 56.0, 57.0, 58.0, 59.0, 60.0, 61.0, 62.0, 63.0, 65.0, 66.0, 67.0, 69.0, 70.0, 71.0, 72.0, 73.0, 74.0, 75.0, 76.0, 77.0, 81.0, 82.0, 83.0, 84.0, 85.0, 87.0, 89.0, 90.0, 92.0, 93.0, 94.0, 95.0, 100.0, 105.0, 120.0, 125.0, 135.0, 150.0, 160.0, 170.0, 175.0, 195.0, 205.0, 300.0, 500.0], "bulbs_penetration": [0.00041911148365465214, 0.00041911148365465214, 0.00041911148365465214, 0.00041911148365465214, 0.024727577535624476, 0.00041911148365465214, 0.053646269907795474, 0.00041911148365465214, 0.00041911148365465214, 0.00041911148365465214, 0.06789606035205364, 0.0008382229673093043, 0.00041911148365465214, 0.00041911148365465214, 0.0008382229673093043, 0.00041911148365465214, 0.00041911148365465214, 0.0008382229673093043, 0.041492036881810565, 0.00041911148365465214, 0.00041911148365465214, 0.16890192791282482, 0.0008382229673093043, 0.0008382229673093043, 0.0008382229673093043, 0.00041911148365465214, 0.04316848281642917, 0.00041911148365465214, 0.00796311818943839, 0.0008382229673093043, 0.00041911148365465214, 0.00041911148365465214, 0.00041911148365465214, 0.3528918692372171, 0.0008382229673093043, 0.00041911148365465214, 0.00041911148365465214, 0.008801341156747695, 0.00041911148365465214, 0.0008382229673093043, 0.00041911148365465214, 0.010058675607711651, 0.00041911148365465214, 0.0008382229673093043, 0.00041911148365465214, 0.00041911148365465214, 0.010896898575020955, 0.00041911148365465214, 0.00041911148365465214, 0.0008382229673093043, 0.00041911148365465214, 0.00041911148365465214, 0.00041911148365465214, 0.004610226320201173, 0.0008382229673093043, 0.00041911148365465214, 0.002933780385582565, 0.00041911148365465214, 0.00041911148365465214, 0.00041911148365465214, 0.00041911148365465214, 0.14249790444258173, 0.004191114836546521, 0.0020955574182732607, 0.0012573344509639564, 0.0008382229673093043, 0.0075440067057837385, 0.00041911148365465214, 0.0008382229673093043, 0.00041911148365465214, 0.00041911148365465214, 0.0008382229673093043, 0.008801341156747695, 0.006705783738474434]}