{"calibration_scalar": 0.00815368639667705, "effective_occupancy": [0.0, 1.0, 1.5281456953642385, 1.6937086092715232, 1.9834437086092715, 2.0943708609271523], "durations_cdf": [0.1111111111111111, 0.2222222222222222, 0.3333333333333333, 0.4444444444444444, 0.5555555555555556, 0.6666666666666666, 0.7777777777777778, 0.8888888888888888, 1.0], "durations_minutes_low": [1.0, 2.0, 3.0, 5.0, 9.0, 17.0, 28.0, 50.0, 92.0], "durations_minutes_high": [1.0, 2.0, 4.0, 8.0, 16.0, 27.0, 49.0, 91.0, 259.0], "irradiance_threshold_mean": 60.0, "irradiance_threshold_std": 10.0}