{"calibration_scalar": 0.00815368639667705, "effective_occupancy": [0.0, 1.0, 1.52814569536424, 1.69370860927152, 1.98344370860927, 2.09437086092715], "durations_cdf": [0.111111111111111, 0.222222222222222, 0.333333333333333, 0.444444444444444, 0.555555555555556, 0.666666666666667, 0.777777777777778, 0.888888888888889, 1.0], "durations_minutes_low": [1.0, 2.0, 3.0, 5.0, 9.0, 17.0, 28.0, 50.0, 92.0], "durations_minutes_high": [1.0, 2.0, 4.0, 8.0, 16.0, 27.0, 49.0, 91.0, 259.0], "irradiance_threshold_mean": 60.0, "irradiance_threshold_std": 10.0}