{
  "equipped_prob": [
    0.16666666666666666,
    0.16666666666666666,
    0.16666666666666666,
    0.16666666666666666,
    0.16666666666666666,
    0.16666666666666666
  ],
  "name": [
    "Detached",
    "Improved detached",
    "Semi-detached",
    "Improved semi-detached",
    "Terraced",
    "Improved terrace"
  ],
  "out_build_transfer_coef": [
    437.51455743294616,
    128.70776863418175,
    247.59854556397764,
    216.36576082538076,
    197.27197220833398,
    144.72928238527103
  ],
  "build_int_transfer_coef": [
    370.63855393367606,
    272.2320688501488,
    298.9090592143188,
    301.5715305305934,
    239.87130258502108,
    205.21817655459958
  ],
  "ventilation_transfer_coef": [
    73.64474524585279,
    74.42987661842649,
    46.683972330063504,
    10.469489203185098,
    10.396222386109,
    10.390531609290301
  ],
  "ext_capacitance": [
    22638446.38893024,
    24646439.59111771,
    12876155.384328108,
    15647706.914807126,
    11863842.606068904,
    13021834.25910863
  ],
  "int_capacitance": [
    1024813.8395257179,
    917297.1706723417,
    409007.9902115242,
    530743.7621122635,
    467169.879709039,
    492503.8467012767
  ],
  "irradiance_multiplier": [
    4.16002382044038,
    4.4941882532924,
    4.26995602105389,
    5.4558682137323995,
    2.6750486780290648,
    2.905517808907764
  ],
  "floor_area": [
    136,
    136,
    87,
    87,
    58,
    58
  ],
  "height": [
    4.2,
    4.2,
    4.2,
    4.2,
    4.2,
    4.2
  ],
  "emitters_target_temperature": [
    50,
    50,
    50,
    50,
    50,
    50
  ],
  "emitters_transfer_coef": [
    201.1529653298653,
    118.66836629373938,
    133.54477617697884,
    100.06297812026746,
    87.00576262567319,
    69.8598995895823
  ],
  "emitters_capacitance": [
    354833.8308418824,
    209330.99814215626,
    235572.9851761907,
    176511.0934041518,
    153478.1652716875,
    123232.86287602318
  ]
}