{
  "home_temperatures_cdf": [
    0.005,
    0.025,
    0.037500000000000006,
    0.07,
    0.10650000000000001,
    0.1825,
    0.3435,
    0.488,
    0.6525,
    0.8095,
    0.902,
    0.9510000000000001,
    0.9830000000000001,
    0.9920000000000001,
    1.0
  ],
  "home_temperatures_values": [
    13.0,
    14.0,
    15.0,
    16.0,
    17.0,
    18.0,
    19.0,
    20.0,
    21.0,
    22.0,
    23.0,
    24.0,
    25.0,
    26.0,
    27.0
  ],
  "water_temperatures_cdf": [
    0.0445,
    0.089,
    0.1965,
    0.277,
    0.41100000000000003,
    0.48200000000000004,
    0.6255000000000001,
    0.7325,
    0.8130000000000001,
    0.9115000000000001,
    0.9560000000000001,
    1.0
  ],
  "water_temperatures_values": [
    42.0,
    43.0,
    45.0,
    47.0,
    49.0,
    51.0,
    53.0,
    55.0,
    57.0,
    59.0,
    61.0,
    62.0
  ],
  "emitter_setpoints": 50.0,
  "deadband": {
    "space_heating": 2,
    "space_cooling": 2,
    "hot_water": 5,
    "emitter": 5
  }
}